{
  "Sales": [
    {
      "Duration": "2018-19",
      "Region": {
        "Area": "South China",
        "City": "Macau"
      },
      "Item": {
        "ProductID": 1140,
        "Category": "Mobile",
        "Name": "Iphone XR",
        "Revenue": 2334091
      }
    },
    {
      "Duration": "2017-18",
      "Region": {
        "Area": "South China",
        "City": "Macau"
      },
      "Item": {
        "ProductID": 1140,
        "Category": "Mobile",
        "Name": "Iphone XR",
        "Revenue": 2954091
      }
    },
    {
      "Duration": "2018-19",
      "Region": {
        "Area": "North China",
        "City": "Jinan"
      },
      "Item": {
        "ProductID": 2572,
        "Category": "Appliances",
        "Name": "Mi LED 40inch",
        "Revenue": 1784702
      }
    },
    {
      "Duration": "2017-18",
      "Region": {
        "Area": "North China",
        "City": "Jinan"
      },
      "Item": {
        "ProductID": 2572,
        "Category": "Appliances",
        "Name": "Mi LED 40inch",
        "Revenue": 975570
      }
    },
    {
      "Duration": "2018-19",
      "Region": {
        "Area": "North China",
        "City": "Beijing"
      },
      "Item": {
        "ProductID": 7819,
        "Category": "Mobile",
        "Name": "Samsung S9",
        "Revenue": 896250
      }
    },
    {
      "Duration": "2017-18",
      "Region": {
        "Area": "North China",
        "City": "Beijing"
      },
      "Item": {
        "ProductID": 7819,
        "Category": "Mobile",
        "Name": "Samsung S9",
        "Revenue": 1090050
      }
    },

    {
      "Duration": "2018-19",
      "Region": {
        "Area": "North China",
        "City": "Beijing"
      },
      "Item": {
        "ProductID": 2566,
        "Category": "Appliances",
        "Name": "Sennheiser HD 4.40-BT",
        "Revenue": 986250
      }
    },
    {
      "Duration": "2017-18",
      "Region": {
        "Area": "North China",
        "City": "Beijing"
      },
      "Item": {
        "ProductID": 2566,
        "Category": "Appliances",
        "Name": "Sennheiser HD 4.40-BT",
        "Revenue": 906000
      }
    },
    {
      "Duration": "2018-19",
      "Region": {
        "Area": "South China",
        "City": "Haikou"
      },
      "Item": {
        "ProductID": 1329,
        "Category": "Appliances",
        "Name": "Bose 785593-0050",
        "Revenue": 19550
      }
    },
    {
      "Duration": "2017-18",
      "Region": {
        "Area": "South China",
        "City": "Haikou"
      },
      "Item": {
        "ProductID": 1329,
        "Category": "Appliances",
        "Name": "Bose 785593-0050",
        "Revenue": 906000
      }
    },
    {
      "Duration": "2018-19",
      "Region": {
        "Area": "South China",
        "City": "Macau"
      },
      "Item": {
        "ProductID": 4292,
        "Category": "Mobile",
        "Name": "Redmi 7",
        "Revenue": 276390
      }
    },
    {
      "Duration": "2017-18",
      "Region": {
        "Area": "South China",
        "City": "Macau"
      },
      "Item": {
        "ProductID": 4292,
        "Category": "Mobile",
        "Name": "Redmi 7",
        "Revenue": 198010
      }
    },
    {
      "Duration": "2018-19",
      "Region": {
        "Area": "North China",
        "City": "Jinan"
      },
      "Item": {
        "ProductID": 972,
        "Category": "Appliances",
        "Name": "Canon EOS 1500D",
        "Revenue": 98650
      }
    },
    {
      "Duration": "2017-18",
      "Region": {
        "Area": "North China",
        "City": "Jinan"
      },
      "Item": {
        "ProductID": 972,
        "Category": "Appliances",
        "Name": "Canon EOS 1500D",
        "Revenue": 105100
      }
    },
    {
      "Duration": "2018-19",
      "Region": {
        "Area": "North China",
        "City": "Beijing"
      },
      "Item": {
        "ProductID": 5610,
        "Category": "Mobile",
        "Name": "OnePlus 7Pro",
        "Revenue": 499100
      }
    },
    {
      "Duration": "2017-18",
      "Region": {
        "Area": "North China",
        "City": "Beijing"
      },
      "Item": {
        "ProductID": 5610,
        "Category": "Mobile",
        "Name": "OnePlus 7Pro",
        "Revenue": 950150
      }
    },
    {
      "Duration": "2018-19",
      "Region": {
        "Area": "South China",
        "City": "Sanya"
      },
      "Item": {
        "ProductID": 5520,
        "Category": "Appliances",
        "Name": "Haier 394L 4Star",
        "Revenue": 729100
      }
    },
    {
      "Duration": "2017-18",
      "Region": {
        "Area": "South China",
        "City": "Sanya"
      },
      "Item": {
        "ProductID": 5520,
        "Category": "Appliances",
        "Name": "Haier 394L 4Star",
        "Revenue": 410800
      }
    },
    {
      "Duration": "2018-19",
      "Region": {
        "Area": "South China",
        "City": "Haikou"
      },
      "Item": {
        "ProductID": 3201,
        "Category": "Appliances",
        "Name": "IFB 6.5 Kg FullyAuto",
        "Revenue": 82910
      }
    },
    {
      "Duration": "2017-18",
      "Region": {
        "Area": "South China",
        "City": "Haikou"
      },
      "Item": {
        "ProductID": 3201,
        "Category": "Appliances",
        "Name": "IFB 6.5 Kg FullyAuto",
        "Revenue": 49900
      }
    },
    {
      "Duration": "2018-19",
      "Region": {
        "Area": "North China",
        "City": "Jinan"
      },
      "Item": {
        "ProductID": 1140,
        "Category": "Mobile",
        "Name": "Iphone XR",
        "Revenue": 1734621
      }
    },
    {
      "Duration": "2017-18",
      "Region": {
        "Area": "North China",
        "City": "Jinan"
      },
      "Item": {
        "ProductID": 1140,
        "Category": "Mobile",
        "Name": "Iphone XR",
        "Revenue": 2100521
      }
    },
    {
      "Duration": "2018-19",
      "Region": {
        "Area": "South China",
        "City": "Haikou"
      },
      "Item": {
        "ProductID": 2572,
        "Category": "Appliances",
        "Name": "Mi LED 40inch",
        "Revenue": 102905
      }
    },
    {
      "Duration": "2017-18",
      "Region": {
        "Area": "South China",
        "City": "Haikou"
      },
      "Item": {
        "ProductID": 2572,
        "Category": "Appliances",
        "Name": "Mi LED 40inch",
        "Revenue": 850010
      }
    },
    {
      "Duration": "2018-19",
      "Region": {
        "Area": "South China",
        "City": "Haikou"
      },
      "Item": {
        "ProductID": 7819,
        "Category": "Mobile",
        "Name": "Samsung S9",
        "Revenue": 896250
      }
    },
    {
      "Duration": "2017-18",
      "Region": {
        "Area": "South China",
        "City": "Haikou"
      },
      "Item": {
        "ProductID": 7819,
        "Category": "Mobile",
        "Name": "Samsung S9",
        "Revenue": 775550
      }
    },
    {
      "Duration": "2018-19",
      "Region": {
        "Area": "North China",
        "City": "Beijing"
      },
      "Item": {
        "ProductID": 2566,
        "Category": "Appliances",
        "Name": "Bose 785593-0050",
        "Revenue": 178100
      }
    },
    {
      "Duration": "2017-18",
      "Region": {
        "Area": "North China",
        "City": "Beijing"
      },
      "Item": {
        "ProductID": 2566,
        "Category": "Appliances",
        "Name": "Bose 785593-0050",
        "Revenue": 148000
      }
    },
    {
      "Duration": "2018-19",
      "Region": {
        "Area": "North China",
        "City": "Jinan"
      },
      "Item": {
        "ProductID": 1329,
        "Category": "Appliances",
        "Name": "Bose 785593-0050",
        "Revenue": 92800
      }
    },
    {
      "Duration": "2017-18",
      "Region": {
        "Area": "North China",
        "City": "Jinan"
      },
      "Item": {
        "ProductID": 1329,
        "Category": "Appliances",
        "Name": "Bose 785593-0050",
        "Revenue": 97550
      }
    },
    {
      "Duration": "2018-19",
      "Region": {
        "Area": "North China",
        "City": "Jinan"
      },
      "Item": {
        "ProductID": 4292,
        "Category": "Mobile",
        "Name": "Redmi 7",
        "Revenue": 81650
      }
    },
    {
      "Duration": "2017-18",
      "Region": {
        "Area": "North China",
        "City": "Jinan"
      },
      "Item": {
        "ProductID": 4292,
        "Category": "Mobile",
        "Name": "Redmi 7",
        "Revenue": 77050
      }
    },
    {
      "Duration": "2018-19",
      "Region": {
        "Area": "South China",
        "City": "Macau"
      },
      "Item": {
        "ProductID": 972,
        "Category": "Appliances",
        "Name": "Canon EOS 1500D",
        "Revenue": 89110
      }
    },
    {
      "Duration": "2017-18",
      "Region": {
        "Area": "South China",
        "City": "Macau"
      },
      "Item": {
        "ProductID": 972,
        "Category": "Appliances",
        "Name": "Canon EOS 1500D",
        "Revenue": 94100
      }
    },
    {
      "Duration": "2018-19",
      "Region": {
        "Area": "South China",
        "City": "Sanya"
      },
      "Item": {
        "ProductID": 5610,
        "Category": "Mobile",
        "Name": "OnePlus 7Pro",
        "Revenue": 215000
      }
    },
    {
      "Duration": "2017-18",
      "Region": {
        "Area": "South China",
        "City": "Sanya"
      },
      "Item": {
        "ProductID": 5610,
        "Category": "Mobile",
        "Name": "OnePlus 7Pro",
        "Revenue": 238400
      }
    },
    {
      "Duration": "2018-19",
      "Region": {
        "Area": "South China",
        "City": "Sanya"
      },
      "Item": {
        "ProductID": 5520,
        "Category": "Appliances",
        "Name": "Haier 394L 4Star",
        "Revenue": 578900
      }
    },
    {
      "Duration": "2017-18",
      "Region": {
        "Area": "South China",
        "City": "Sanya"
      },
      "Item": {
        "ProductID": 5520,
        "Category": "Appliances",
        "Name": "Haier 394L 4Star",
        "Revenue": 621600
      }
    },
    {
      "Duration": "2018-19",
      "Region": {
        "Area": "South China",
        "City": "Macau"
      },
      "Item": {
        "ProductID": 3201,
        "Category": "Appliances",
        "Name": "IFB 6.5 Kg FullyAuto",
        "Revenue": 673800
      }
    },
    {
      "Duration": "2017-18",
      "Region": {
        "Area": "South China",
        "City": "Macau"
      },
      "Item": {
        "ProductID": 3201,
        "Category": "Appliances",
        "Name": "IFB 6.5 Kg FullyAuto",
        "Revenue": 576400
      }
    },
    {
      "Duration": "2018-19",
      "Region": {
        "Area": "South China",
        "City": "Haikou"
      },
      "Item": {
        "ProductID": 1140,
        "Category": "Mobile",
        "Name": "Iphone XR",
        "Revenue": 109300
      }
    },
    {
      "Duration": "2017-18",
      "Region": {
        "Area": "South China",
        "City": "Haikou"
      },
      "Item": {
        "ProductID": 1140,
        "Category": "Mobile",
        "Name": "Iphone XR",
        "Revenue": 140050
      }
    },
    {
      "Duration": "2018-19",
      "Region": {
        "Area": "North China",
        "City": "Beijing"
      },
      "Item": {
        "ProductID": 2572,
        "Category": "Appliances",
        "Name": "Mi LED 40inch",
        "Revenue": 550010
      }
    },
    {
      "Duration": "2017-18",
      "Region": {
        "Area": "North China",
        "City": "Beijing"
      },
      "Item": {
        "ProductID": 2572,
        "Category": "Appliances",
        "Name": "Mi LED 40inch",
        "Revenue": 876900
      }
    },
    {
      "Duration": "2018-19",
      "Region": {
        "Area": "South China",
        "City": "Macau"
      },
      "Item": {
        "ProductID": 7819,
        "Category": "Mobile",
        "Name": "Samsung S9",
        "Revenue": 716520
      }
    },
    {
      "Duration": "2017-18",
      "Region": {
        "Area": "South China",
        "City": "Macau"
      },
      "Item": {
        "ProductID": 7819,
        "Category": "Mobile",
        "Name": "Samsung S9",
        "Revenue": 605520
      }
    },
    {
      "Duration": "2018-19",
      "Region": {
        "Area": "South China",
        "City": "Haikou"
      },
      "Item": {
        "ProductID": 2566,
        "Category": "Appliances",
        "Name": "Sennheiser HD 4.40-BT",
        "Revenue": 234459
      }
    },
    {
      "Duration": "2017-18",
      "Region": {
        "Area": "South China",
        "City": "Haikou"
      },
      "Item": {
        "ProductID": 2566,
        "Category": "Appliances",
        "Name": "Sennheiser HD 4.40-BT",
        "Revenue": 257050
      }
    },
    {
      "Duration": "2018-19",
      "Region": {
        "Area": "South China",
        "City": "Sanya"
      },
      "Item": {
        "ProductID": 1329,
        "Category": "Appliances",
        "Name": "Bose 785593-0050",
        "Revenue": 92800
      }
    },
    {
      "Duration": "2017-18",
      "Region": {
        "Area": "South China",
        "City": "Sanya"
      },
      "Item": {
        "ProductID": 1329,
        "Category": "Appliances",
        "Name": "Bose 785593-0050",
        "Revenue": 88980
      }
    },
    {
      "Duration": "2018-19",
      "Region": {
        "Area": "North China",
        "City": "Beijing"
      },
      "Item": {
        "ProductID": 4292,
        "Category": "Mobile",
        "Name": "Redmi 7",
        "Revenue": 109340
      }
    },
    {
      "Duration": "2017-18",
      "Region": {
        "Area": "North China",
        "City": "Beijing"
      },
      "Item": {
        "ProductID": 4292,
        "Category": "Mobile",
        "Name": "Redmi 7",
        "Revenue": 168050
      }
    },
    {
      "Duration": "2018-19",
      "Region": {
        "Area": "South China",
        "City": "Sanya"
      },
      "Item": {
        "ProductID": 972,
        "Category": "Appliances",
        "Name": "Canon EOS 1500D",
        "Revenue": 459000
      }
    },
    {
      "Duration": "2017-18",
      "Region": {
        "Area": "South China",
        "City": "Sanya"
      },
      "Item": {
        "ProductID": 972,
        "Category": "Appliances",
        "Name": "Canon EOS 1500D",
        "Revenue": 400150
      }
    },
    {
      "Duration": "2018-19",
      "Region": {
        "Area": "South China",
        "City": "Haikou"
      },
      "Item": {
        "ProductID": 5610,
        "Category": "Mobile",
        "Name": "OnePlus 7Pro",
        "Revenue": 459000
      }
    },
    {
      "Duration": "2017-18",
      "Region": {
        "Area": "South China",
        "City": "Haikou"
      },
      "Item": {
        "ProductID": 5610,
        "Category": "Mobile",
        "Name": "OnePlus 7Pro",
        "Revenue": 535805
      }
    },
    {
      "Duration": "2018-19",
      "Region": {
        "Area": "North China",
        "City": "Beijing"
      },
      "Item": {
        "ProductID": 5520,
        "Category": "Appliances",
        "Name": "Haier 394L 4Star",
        "Revenue": 367050
      }
    },
    {
      "Duration": "2017-18",
      "Region": {
        "Area": "North China",
        "City": "Beijing"
      },
      "Item": {
        "ProductID": 5520,
        "Category": "Appliances",
        "Name": "Haier 394L 4Star",
        "Revenue": 305550
      }
    },
    {
      "Duration": "2018-19",
      "Region": {
        "Area": "North China",
        "City": "Jinan"
      },
      "Item": {
        "ProductID": 3201,
        "Category": "Appliances",
        "Name": "IFB 6.5 Kg FullyAuto",
        "Revenue": 904930
      }
    },
    {
      "Duration": "2017-18",
      "Region": {
        "Area": "North China",
        "City": "Jinan"
      },
      "Item": {
        "ProductID": 3201,
        "Category": "Appliances",
        "Name": "IFB 6.5 Kg FullyAuto",
        "Revenue": 88730
      }
    }
  ]
}